,Scaled voltage,Current*100+40,soc,Current Zero point,,usb_current,current,time,Init time,,Time diff,,voltage
0.166,36,40,0,40,,5700,0,1609459200,1609459200,,0,,3.6
0.249,41.1,36.44,100,40,,5700,-356,1609459200,,,0,,4.11
0.332,40.3,31.42,100,40,,5700,-858,1609459200,,,0,,4.03
0.415,40.2,30.61,100,40,,5700,-939,1609459200,,,0,,4.02
0.498,40.3,32.1,100,40,,5700,-790,1609459200,,,0,,4.03
0.581,40.3,32.14,100,40,,5700,-786,1609459200,,,0,,4.03
0.664,40.3,32.15,100,40,,5700,-785,1609459200,,,0,,4.03
0.747,40.3,32.07,100,40,,5700,-793,1609459200,,,0,,4.03
0.83,40.3,32.11,100,40,,5700,-789,1609459200,,,0,,4.03
0.913,40.2,32.07,100,40,,5700,-793,1609459200,,,0,,4.02
0.996,40.2,32.1,100,40,,5700,-790,1609459200,,,0,,4.02
1.079,40.3,32.45,100,40,,5700,-755,1609459200,,,0,,4.03
1.162,39.9,30.78,100,40,,5700,-922,1609459200,,,0,,3.99
1.245,40.2,32.04,100,40,,5700,-796,1609459200,,,0,,4.02
1.328,40.2,32.07,99,40,,5700,-793,1609459200,,,0,,4.02
1.411,40.2,31.98,99,40,,5700,-802,1609459200,,,0,,4.02
1.494,38.9,29.28,99,40,,5700,-1072,1609459200,,,0,,3.89
1.577,40.3,33.97,99,40,,5700,-603,1609459200,,,0,,4.03
1.66,40.3,33.75,99,40,,5700,-625,1609459200,,,0,,4.03
1.743,39.8,29.63,99,40,,5700,-1037,1609459200,,,0,,3.98
1.826,40.2,33.12,99,40,,5700,-688,1609459200,,,0,,4.02
1.909,40.1,31.95,99,40,,5700,-805,1609459200,,,0,,4.01
1.992,40.3,34.29,99,40,,5700,-571,1609459200,,,0,,4.03
2.075,40.3,33.83,99,40,,5700,-617,1609459200,,,0,,4.03
2.158,40.4,34.32,99,40,,5700,-568,1609459200,,,0,,4.04
2.241,40.4,34.34,99,40,,5700,-566,1609459328,,,128,,4.04
2.324,40.3,33.9,99,40,,5700,-610,1609459328,,,128,,4.03
2.407,40.3,33.87,98,40,,5700,-613,1609459328,,,128,,4.03
2.49,40.4,34.35,98,40,,5700,-565,1609459328,,,128,,4.04
2.573,40.3,33.84,98,40,,5700,-616,1609459328,,,128,,4.03
2.656,40.4,34.34,98,40,,5700,-566,1609459328,,,128,,4.04
2.739,40.3,33.88,98,40,,5700,-612,1609459328,,,128,,4.03
2.822,40.4,34.3,98,40,,5700,-570,1609459328,,,128,,4.04
2.905,40.3,33.93,98,40,,5700,-607,1609459328,,,128,,4.03
2.988,40.3,33.71,98,40,,5700,-629,1609459328,,,128,,4.03
3.071,40.3,33.95,98,40,,5700,-605,1609459328,,,128,,4.03
3.154,40.3,33.87,98,40,,5700,-613,1609459328,,,128,,4.03
3.237,40.3,33.86,98,40,,5700,-614,1609459328,,,128,,4.03
3.32,40.3,33.83,98,40,,5700,-617,1609459328,,,128,,4.03
3.403,38.4,17.25,98,40,,5700,-2275,1609459328,,,128,,3.84
3.486,38.1,16.62,97,40,,5700,-2338,1609459328,,,128,,3.81
3.569,38.5,21.19,97,40,,5700,-1881,1609459328,,,128,,3.85
3.652,38.5,21.38,97,40,,5700,-1862,1609459328,,,128,,3.85
3.735,38.4,21.32,97,40,,5700,-1868,1609459328,,,128,,3.84
3.818,38.4,21.33,97,40,,5700,-1867,1609459328,,,128,,3.84
3.901,38.4,21.76,96,40,,5700,-1824,1609459328,,,128,,3.84
3.984,40,34.26,96,40,,5700,-574,1609459328,,,128,,4
4.067,38.1,17.45,96,40,,5700,-2255,1609459328,,,128,,3.81
4.15,38,17.47,96,40,,5700,-2253,1609459328,,,128,,3.8
4.233,37.9,17.15,96,40,,5700,-2285,1609459328,,,128,,3.79
4.316,37.9,16.77,95,40,,5700,-2323,1609459328,,,128,,3.79
4.399,38.3,21.1,95,40,,5700,-1890,1609459456,,,256,,3.83
4.482,38.4,21.03,95,40,,5700,-1897,1609459456,,,256,,3.84
4.565,38.3,21.11,95,40,,5700,-1889,1609459456,,,256,,3.83
4.648,38.3,21.02,94,40,,5700,-1898,1609459456,,,256,,3.83
4.731,38.3,21,94,40,,5700,-1900,1609459456,,,256,,3.83
4.814,38.3,21.07,94,40,,5700,-1893,1609459456,,,256,,3.83
4.897,38.3,20.91,94,40,,5700,-1909,1609459456,,,256,,3.83
4.98,38.3,20.91,94,40,,5700,-1909,1609459456,,,256,,3.83
5.063,38.2,20.93,93,40,,5700,-1907,1609459456,,,256,,3.82
5.146,38.2,20.87,93,40,,5700,-1913,1609459456,,,256,,3.82
5.229,38.2,20.85,93,40,,5700,-1915,1609459456,,,256,,3.82
5.312,39.5,31.58,93,40,,5700,-842,1609459456,,,256,,3.95
5.395,37.7,15.97,93,40,,5700,-2403,1609459456,,,256,,3.77
5.478,37.6,15.86,92,40,,5700,-2414,1609459456,,,256,,3.76
5.561,37.6,15.67,92,40,,5700,-2433,1609459456,,,256,,3.76
5.644,38.2,20.74,92,40,,5700,-1926,1609459456,,,256,,3.82
5.727,38.2,20.73,92,40,,5700,-1927,1609459456,,,256,,3.82
5.81,38.2,20.71,91,40,,5700,-1929,1609459456,,,256,,3.82
5.893,38.2,20.65,91,40,,5700,-1935,1609459456,,,256,,3.82
5.976,38.2,20.66,91,40,,5700,-1934,1609459456,,,256,,3.82
6.059,38.2,20.74,91,40,,5700,-1926,1609459456,,,256,,3.82
6.142,38.2,20.71,91,40,,5700,-1929,1609459456,,,256,,3.82
6.225,38.2,20.64,90,40,,5700,-1936,1609459456,,,256,,3.82
6.308,38.2,20.65,90,40,,5700,-1935,1609459456,,,256,,3.82
6.391,38.1,20.48,90,40,,5700,-1952,1609459456,,,256,,3.81
6.474,39.3,30.01,90,40,,5700,-999,1609459584,,,384,,3.93
6.557,39.6,33.17,90,40,,5700,-683,1609459584,,,384,,3.96
6.64,39.7,33.3,89,40,,5700,-670,1609459584,,,384,,3.97
6.723,39.7,33.33,89,40,,5700,-667,1609459584,,,384,,3.97
6.806,39.8,33.3,89,40,,5700,-670,1609459584,,,384,,3.98
6.889,39.8,33.32,89,40,,5700,-668,1609459584,,,384,,3.98
6.972,39.8,33.47,89,40,,5700,-653,1609459584,,,384,,3.98
7.055,39.8,33.36,89,40,,5700,-664,1609459584,,,384,,3.98
7.138,39.8,33.01,89,40,,5700,-699,1609459584,,,384,,3.98
7.221,37.8,15.85,89,40,,5700,-2415,1609459584,,,384,,3.78
7.304,37.6,15.39,88,40,,5700,-2461,1609459584,,,384,,3.76
7.387,37.6,15.42,88,40,,5700,-2458,1609459584,,,384,,3.76
7.47,38.1,20.45,88,40,,5700,-1955,1609459584,,,384,,3.81
7.553,38.2,20.39,88,40,,5700,-1961,1609459584,,,384,,3.82
7.636,38.1,20.39,87,40,,5700,-1961,1609459584,,,384,,3.81
7.719,38.2,20.39,87,40,,5700,-1961,1609459584,,,384,,3.82
7.802,38,20.35,87,40,,5700,-1965,1609459584,,,384,,3.8
7.885,38.1,20.38,87,40,,5700,-1962,1609459584,,,384,,3.81
7.968,38.1,20.29,87,40,,5700,-1971,1609459584,,,384,,3.81
8.051,38,20.24,86,40,,5700,-1976,1609459584,,,384,,3.8
8.134,38,20.25,86,40,,5700,-1975,1609459584,,,384,,3.8
8.217,38.1,20.11,86,40,,5700,-1989,1609459584,,,384,,3.81
8.3,38,20.18,86,40,,5700,-1982,1609459584,,,384,,3.8
8.383,38,20.13,85,40,,5700,-1987,1609459584,,,384,,3.8
8.466,39.2,30.82,85,40,,5700,-918,1609459584,,,384,,3.92
8.549,39.3,31.02,85,40,,5700,-898,1609459584,,,384,,3.93
8.632,39.6,32.91,85,40,,5700,-709,1609459712,,,512,,3.96
8.715,39.6,32.99,85,40,,5700,-701,1609459712,,,512,,3.96
8.798,39.6,33.08,85,40,,5700,-692,1609459712,,,512,,3.96
8.881,39.7,33.16,85,40,,5700,-684,1609459712,,,512,,3.97
8.964,39.6,33.12,85,40,,5700,-688,1609459712,,,512,,3.96
9.047,39.7,33.15,85,40,,5700,-685,1609459712,,,512,,3.97
9.13,39.7,33.27,85,40,,5700,-673,1609459712,,,512,,3.97
9.213,39.7,33.3,84,40,,5700,-670,1609459712,,,512,,3.97
9.296,39.7,33.29,84,40,,5700,-671,1609459712,,,512,,3.97
9.379,39.8,33.28,84,40,,5700,-672,1609459712,,,512,,3.98
9.462,39.8,33.26,84,40,,5700,-674,1609459712,,,512,,3.98
9.545,39.8,33.18,84,40,,5700,-682,1609459712,,,512,,3.98
9.628,39.8,33.38,84,40,,5700,-662,1609459712,,,512,,3.98
9.711,39.8,33.43,84,40,,5700,-657,1609459712,,,512,,3.98
9.794,38.3,20.85,84,40,,5700,-1915,1609459712,,,512,,3.83
9.877,38.2,20.66,84,40,,5700,-1934,1609459712,,,512,,3.82
9.96,38.2,20.71,83,40,,5700,-1929,1609459712,,,512,,3.82
10.043,38.2,20.5,83,40,,5700,-1950,1609459712,,,512,,3.82
10.126,38.1,20.5,83,40,,5700,-1950,1609459712,,,512,,3.81
10.209,38.1,20.41,83,40,,5700,-1959,1609459712,,,512,,3.81
10.292,38.1,20.25,82,40,,5700,-1975,1609459712,,,512,,3.81
10.375,38.1,20.22,82,40,,5700,-1978,1609459712,,,512,,3.81
10.458,38.1,20.24,82,40,,5700,-1976,1609459712,,,512,,3.81
10.541,38,20.26,82,40,,5700,-1974,1609459712,,,512,,3.8
10.624,38,20.18,82,40,,5700,-1982,1609459712,,,512,,3.8
10.707,37.9,20.13,81,40,,5700,-1987,1609459712,,,512,,3.79
10.79,38,20.03,81,40,,5700,-1997,1609459840,,,640,,3.8
10.873,38,20.05,81,40,,5700,-1995,1609459840,,,640,,3.8
10.956,37.9,19.99,81,40,,5700,-2001,1609459840,,,640,,3.79
11.039,37.9,20.01,80,40,,5700,-1999,1609459840,,,640,,3.79
11.122,37.9,19.94,80,40,,5700,-2006,1609459840,,,640,,3.79
11.205,38,19.95,80,40,,5700,-2005,1609459840,,,640,,3.8
11.288,37.9,19.92,80,40,,5700,-2008,1609459840,,,640,,3.79
11.371,38,19.94,80,40,,5700,-2006,1609459840,,,640,,3.8
11.454,39.1,30.73,79,40,,5700,-927,1609459840,,,640,,3.91
11.537,39.4,32.81,79,40,,5700,-719,1609459840,,,640,,3.94
11.62,39.4,32.82,79,40,,5700,-718,1609459840,,,640,,3.94
11.703,39.5,32.88,79,40,,5700,-712,1609459840,,,640,,3.95
11.786,39.5,32.91,79,40,,5700,-709,1609459840,,,640,,3.95
11.869,39.5,33.01,79,40,,5700,-699,1609459840,,,640,,3.95
11.952,39.5,32.91,79,40,,5700,-709,1609459840,,,640,,3.95
12.035,39.5,32.91,79,40,,5700,-709,1609459840,,,640,,3.95
12.118,38.1,20.28,79,40,,5700,-1972,1609459840,,,640,,3.81
12.201,38.1,20.22,78,40,,5700,-1978,1609459840,,,640,,3.81
12.284,37.9,20.08,78,40,,5700,-1992,1609459840,,,640,,3.79
12.367,38,19.98,78,40,,5700,-2002,1609459840,,,640,,3.8
12.45,37.9,19.94,78,40,,5700,-2006,1609459840,,,640,,3.79
12.533,38,19.95,77,40,,5700,-2005,1609459840,,,640,,3.8
12.616,37.9,19.71,77,40,,5700,-2029,1609459840,,,640,,3.79
12.699,37.9,19.82,77,40,,5700,-2018,1609459840,,,640,,3.79
12.782,37.8,19.8,77,40,,5700,-2020,1609459840,,,640,,3.78
12.865,37.9,19.8,77,40,,5700,-2020,1609459968,,,768,,3.79
12.948,37.8,19.84,76,40,,5700,-2016,1609459968,,,768,,3.78
13.031,37.8,19.86,76,40,,5700,-2014,1609459968,,,768,,3.78
13.114,37.8,19.71,76,40,,5700,-2029,1609459968,,,768,,3.78
13.197,38,19.91,76,40,,5700,-2009,1609459968,,,768,,3.8
13.28,37.8,19.84,75,40,,5700,-2016,1609459968,,,768,,3.78
13.363,37.8,20.06,75,40,,5700,-1994,1609459968,,,768,,3.78
13.446,37.9,20.17,75,40,,5700,-1983,1609459968,,,768,,3.79
13.529,37.9,20.23,75,40,,5700,-1977,1609459968,,,768,,3.79
13.612,37.8,20.36,74,40,,5700,-1964,1609459968,,,768,,3.78
13.695,38.4,21.04,74,40,,5700,-1896,1609459968,,,768,,3.84
13.778,37.9,20.45,74,40,,5700,-1955,1609459968,,,768,,3.79
13.861,37.8,20.24,74,40,,5700,-1976,1609459968,,,768,,3.78
13.944,37.8,21.25,73,40,,5700,-1875,1609459968,,,768,,3.78
14.027,37.8,21.41,73,40,,5700,-1859,1609459968,,,768,,3.78
14.11,37.8,20.5,73,40,,5700,-1950,1609459968,,,768,,3.78
14.193,37.8,22.4,73,40,,5700,-1760,1609459968,,,768,,3.78
14.276,37.8,20.71,73,40,,5700,-1929,1609459968,,,768,,3.78
14.359,37.9,21.47,72,40,,5700,-1853,1609459968,,,768,,3.79
14.442,37.8,20.62,72,40,,5700,-1938,1609459968,,,768,,3.78
14.525,37.8,21.56,72,40,,5700,-1844,1609459968,,,768,,3.78
14.608,38.9,30.53,72,40,,5700,-947,1609459968,,,768,,3.89
14.691,39.2,32.64,72,40,,5700,-736,1609459968,,,768,,3.92
14.774,39.3,32.68,72,40,,5700,-732,1609459968,,,768,,3.93
14.857,39.3,32.7,72,40,,5700,-730,1609459968,,,768,,3.93
14.94,39.3,32.67,71,40,,5700,-733,1609459968,,,768,,3.93
15.023,39.3,32.8,71,40,,5700,-720,1609460096,,,896,,3.93
15.106,39.3,32.81,71,40,,5700,-719,1609460096,,,896,,3.93
15.189,39.4,32.81,71,40,,5700,-719,1609460096,,,896,,3.94
15.272,39.4,32.86,71,40,,5700,-714,1609460096,,,896,,3.94
15.355,39.4,32.78,71,40,,5700,-722,1609460096,,,896,,3.94
15.438,39.4,32.84,71,40,,5700,-716,1609460096,,,896,,3.94
15.521,39.4,32.88,71,40,,5700,-712,1609460096,,,896,,3.94
15.604,39.4,32.91,71,40,,5700,-709,1609460096,,,896,,3.94
15.687,39.4,32.9,71,40,,5700,-710,1609460096,,,896,,3.94
15.77,39.4,32.92,71,40,,5700,-708,1609460096,,,896,,3.94
15.853,39.4,32.92,71,40,,5700,-708,1609460096,,,896,,3.94
15.936,39.4,32.93,70,40,,5700,-707,1609460096,,,896,,3.94
16.019,39.4,32.99,70,40,,5700,-701,1609460096,,,896,,3.94
16.102,39.4,33.13,70,40,,5700,-687,1609460096,,,896,,3.94
16.185,39.4,33.06,70,40,,5700,-694,1609460096,,,896,,3.94
16.268,39.5,33.1,70,40,,5700,-690,1609460096,,,896,,3.95
16.351,39.5,33.19,70,40,,5700,-681,1609460096,,,896,,3.95
16.434,39.5,33.2,70,40,,5700,-680,1609460096,,,896,,3.95
16.517,39.5,33.25,70,40,,5700,-675,1609460096,,,896,,3.95
16.6,39.5,33.2,70,40,,5700,-680,1609460096,,,896,,3.95
16.683,39.5,33.21,70,40,,5700,-679,1609460096,,,896,,3.95
16.766,39.5,33.23,70,40,,5700,-677,1609460096,,,896,,3.95
16.849,39.5,33.27,70,40,,5700,-673,1609460096,,,896,,3.95
16.932,39.5,33.29,69,40,,5700,-671,1609460096,,,896,,3.95
17.015,39.5,33.29,69,40,,5700,-671,1609460096,,,896,,3.95
17.098,39.5,33.36,69,40,,5700,-664,1609460224,,,1024,,3.95
17.181,39.5,33.32,69,40,,5700,-668,1609460224,,,1024,,3.95
17.264,39.5,33.37,69,40,,5700,-663,1609460224,,,1024,,3.95
17.347,39.5,33.28,69,40,,5700,-672,1609460224,,,1024,,3.95
17.43,39.5,33.4,69,40,,5700,-660,1609460224,,,1024,,3.95
17.513,39.5,33.36,69,40,,5700,-664,1609460224,,,1024,,3.95
17.596,38.1,20.74,69,40,,5700,-1926,1609460224,,,1024,,3.81
17.679,38,20.75,69,40,,5700,-1925,1609460224,,,1024,,3.8
17.762,37.9,20.55,68,40,,5700,-1945,1609460224,,,1024,,3.79
17.845,37.9,20.5,68,40,,5700,-1950,1609460224,,,1024,,3.79
17.928,37.8,20.19,68,40,,5700,-1981,1609460224,,,1024,,3.78
18.011,37.9,20.22,68,40,,5700,-1978,1609460224,,,1024,,3.79
18.094,37.8,20.22,68,40,,5700,-1978,1609460224,,,1024,,3.78
18.177,37.8,20.17,68,40,,5700,-1983,1609460224,,,1024,,3.78
18.26,37.7,20.12,68,40,,5700,-1988,1609460224,,,1024,,3.77
18.343,37.7,20.05,67,40,,5700,-1995,1609460224,,,1024,,3.77
18.426,37.8,19.98,67,40,,5700,-2002,1609460224,,,1024,,3.78
18.509,37.7,19.92,67,40,,5700,-2008,1609460224,,,1024,,3.77
18.592,37.7,19.94,67,40,,5700,-2006,1609460224,,,1024,,3.77
18.675,37.7,19.9,67,40,,5700,-2010,1609460224,,,1024,,3.77
18.758,37.7,19.87,67,40,,5700,-2013,1609460224,,,1024,,3.77
18.841,37.6,19.82,66,40,,5700,-2018,1609460224,,,1024,,3.76
18.924,37.6,19.73,66,40,,5700,-2027,1609460224,,,1024,,3.76
19.007,37.6,19.78,66,40,,5700,-2022,1609460224,,,1024,,3.76
19.09,37.6,19.75,66,40,,5700,-2025,1609460224,,,1024,,3.76
19.173,37.5,19.74,66,40,,5700,-2026,1609460224,,,1024,,3.75
19.256,38.8,30.52,66,40,,5700,-948,1609460352,,,1152,,3.88
19.339,39,32.68,66,40,,5700,-732,1609460352,,,1152,,3.9
19.422,39.1,32.79,66,40,,5700,-721,1609460352,,,1152,,3.91
19.505,39.1,32.81,65,40,,5700,-719,1609460352,,,1152,,3.91
19.588,39.2,32.81,65,40,,5700,-719,1609460352,,,1152,,3.92
19.671,37.7,20,65,40,,5700,-2000,1609460352,,,1152,,3.77
19.754,37.7,19.87,65,40,,5700,-2013,1609460352,,,1152,,3.77
19.837,37.6,19.86,65,40,,5700,-2014,1609460352,,,1152,,3.76
19.92,37.7,19.86,65,40,,5700,-2014,1609460352,,,1152,,3.77
20.003,37.6,19.74,65,40,,5700,-2026,1609460352,,,1152,,3.76
20.086,37.5,19.69,64,40,,5700,-2031,1609460352,,,1152,,3.75
20.169,37.6,19.66,64,40,,5700,-2034,1609460352,,,1152,,3.76
20.252,37.6,19.57,64,40,,5700,-2043,1609460352,,,1152,,3.76
20.335,37.5,19.6,64,40,,5700,-2040,1609460352,,,1152,,3.75
20.418,37.5,19.7,64,40,,5700,-2030,1609460352,,,1152,,3.75
20.501,37.5,19.71,64,40,,5700,-2029,1609460352,,,1152,,3.75
20.584,37.4,19.64,63,40,,5700,-2036,1609460352,,,1152,,3.74
20.667,37.5,19.87,63,40,,5700,-2013,1609460352,,,1152,,3.75
20.75,37.4,19.77,63,40,,5700,-2023,1609460352,,,1152,,3.74
20.833,37.5,20.21,63,40,,5700,-1979,1609460352,,,1152,,3.75
20.916,37.4,20.06,63,40,,5700,-1994,1609460352,,,1152,,3.74
20.999,37.5,20.17,63,40,,5700,-1983,1609460352,,,1152,,3.75
21.082,37.5,20.22,63,40,,5700,-1978,1609460352,,,1152,,3.75
21.165,37.4,21.11,62,40,,5700,-1889,1609460352,,,1152,,3.74
21.248,37.4,20.03,62,40,,5700,-1997,1609460352,,,1152,,3.74
21.331,38,21.07,62,40,,5700,-1893,1609460480,,,1280,,3.8
21.414,37.5,21.12,62,40,,5700,-1888,1609460480,,,1280,,3.75
21.497,37.6,20.34,62,40,,5700,-1966,1609460480,,,1280,,3.76
21.58,38.6,30.41,62,40,,5700,-959,1609460480,,,1280,,3.86
21.663,38.9,32.56,62,40,,5700,-744,1609460480,,,1280,,3.89
21.746,38.9,32.62,62,40,,5700,-738,1609460480,,,1280,,3.89
21.829,38.9,32.6,61,40,,5700,-740,1609460480,,,1280,,3.89
21.912,38.9,32.62,61,40,,5700,-738,1609460480,,,1280,,3.89
21.995,39,32.97,61,40,,5700,-703,1609460480,,,1280,,3.9
22.078,39,32.41,61,40,,5700,-759,1609460480,,,1280,,3.9
22.161,39,32.76,61,40,,5700,-724,1609460480,,,1280,,3.9
22.244,39,32.72,61,40,,5700,-728,1609460480,,,1280,,3.9
22.327,39,32.72,61,40,,5700,-728,1609460480,,,1280,,3.9
22.41,39,32.8,61,40,,5700,-720,1609460480,,,1280,,3.9
22.493,39.1,32.86,61,40,,5700,-714,1609460480,,,1280,,3.91
22.576,39.1,32.83,61,40,,5700,-717,1609460480,,,1280,,3.91
22.659,39.1,32.84,61,40,,5700,-716,1609460480,,,1280,,3.91
22.742,39.1,32.85,61,40,,5700,-715,1609460480,,,1280,,3.91
22.825,39.1,32.98,61,40,,5700,-702,1609460480,,,1280,,3.91
22.908,39.1,32.96,61,40,,5700,-704,1609460480,,,1280,,3.91
22.991,39.1,33.09,61,40,,5700,-691,1609460480,,,1280,,3.91
23.074,39.1,32.88,61,40,,5700,-712,1609460480,,,1280,,3.91
23.157,39.1,33.04,61,40,,5700,-696,1609460480,,,1280,,3.91
23.24,39.1,33.09,60,40,,5700,-691,1609460480,,,1280,,3.91
23.323,39.1,33.06,60,40,,5700,-694,1609460480,,,1280,,3.91
23.406,39.1,33.13,60,40,,5700,-687,1609460480,,,1280,,3.91
23.489,39.1,33.08,60,40,,5700,-692,1609460608,,,1408,,3.91
23.572,39.1,33.2,60,40,,5700,-680,1609460608,,,1408,,3.91
23.655,39.2,33.66,60,40,,5700,-634,1609460608,,,1408,,3.92
23.738,39.1,33.19,60,40,,5700,-681,1609460608,,,1408,,3.91
23.821,39.2,33.69,60,40,,5700,-631,1609460608,,,1408,,3.92
23.904,39.2,33.72,60,40,,5700,-628,1609460608,,,1408,,3.92
23.987,39.2,33.64,60,40,,5700,-636,1609460608,,,1408,,3.92
24.07,39.2,33.61,60,40,,5700,-639,1609460608,,,1408,,3.92
24.153,39.2,33.68,60,40,,5700,-632,1609460608,,,1408,,3.92
24.236,39.2,33.86,60,40,,5700,-614,1609460608,,,1408,,3.92
24.319,39.2,33.79,60,40,,5700,-621,1609460608,,,1408,,3.92
24.402,39.2,33.7,60,40,,5700,-630,1609460608,,,1408,,3.92
24.485,39.2,33.79,60,40,,5700,-621,1609460608,,,1408,,3.92
24.568,39.2,33.36,60,40,,5700,-664,1609460608,,,1408,,3.92
24.651,39.1,33.26,60,40,,5700,-674,1609460608,,,1408,,3.91
24.734,39.2,33.35,60,40,,5700,-665,1609460608,,,1408,,3.92
24.817,39.2,33.29,60,40,,5700,-671,1609460608,,,1408,,3.92
24.9,39.2,33.26,60,40,,5700,-674,1609460608,,,1408,,3.92
24.983,37.2,16.86,59,40,,5700,-2314,1609460608,,,1408,,3.72
25.066,37.8,20.63,59,40,,5700,-1937,1609460608,,,1408,,3.78
25.149,37.6,20.54,59,40,,5700,-1946,1609460608,,,1408,,3.76
25.232,37.6,20.52,59,40,,5700,-1948,1609460608,,,1408,,3.76
25.315,37.3,19.02,59,40,,5700,-2098,1609460608,,,1408,,3.73
25.398,37.3,18.61,59,40,,5700,-2139,1609460608,,,1408,,3.73
25.481,37.3,18.47,58,40,,5700,-2153,1609460608,,,1408,,3.73
25.564,37.2,18.46,58,40,,5700,-2154,1609460608,,,1408,,3.72
25.647,36.9,17.92,58,40,,5700,-2208,1609460736,,,1536,,3.69
25.73,37.2,17.68,58,40,,5700,-2232,1609460736,,,1536,,3.72
25.813,37.1,18.57,58,40,,5700,-2143,1609460736,,,1536,,3.71
25.896,37.4,18.69,58,40,,5700,-2131,1609460736,,,1536,,3.74
25.979,37.1,17.92,57,40,,5700,-2208,1609460736,,,1536,,3.71
26.062,37.2,17.8,57,40,,5700,-2220,1609460736,,,1536,,3.72
26.145,37,17.75,57,40,,5700,-2225,1609460736,,,1536,,3.7
26.228,37,18.1,57,40,,5700,-2190,1609460736,,,1536,,3.7
26.311,37.3,19.57,57,40,,5700,-2043,1609460736,,,1536,,3.73
26.394,37.2,19.62,56,40,,5700,-2038,1609460736,,,1536,,3.72
26.477,37.2,19.55,56,40,,5700,-2045,1609460736,,,1536,,3.72
26.56,37.2,19.51,56,40,,5700,-2049,1609460736,,,1536,,3.72
26.643,37.2,19.58,56,40,,5700,-2042,1609460736,,,1536,,3.72
26.726,37.1,19.53,56,40,,5700,-2047,1609460736,,,1536,,3.71
26.809,37.1,19.49,56,40,,5700,-2051,1609460736,,,1536,,3.71
26.892,37.1,19.39,56,40,,5700,-2061,1609460736,,,1536,,3.71
26.975,37.1,19.3,55,40,,5700,-2070,1609460736,,,1536,,3.71
27.058,37.1,19.71,55,40,,5700,-2029,1609460736,,,1536,,3.71
27.141,37.2,19.77,55,40,,5700,-2023,1609460736,,,1536,,3.72
27.224,37.6,20.77,55,40,,5700,-1923,1609460736,,,1536,,3.76
27.307,37.1,19.9,55,40,,5700,-2010,1609460736,,,1536,,3.71
27.39,37.1,19.94,55,40,,5700,-2006,1609460736,,,1536,,3.71
27.473,37.1,26.32,54,40,,5700,-1368,1609460736,,,1536,,3.71
27.556,38.5,32.49,54,40,,5700,-751,1609460736,,,1536,,3.85
27.639,38.6,32.54,54,40,,5700,-746,1609460736,,,1536,,3.86
27.722,38.7,32.76,54,40,,5700,-724,1609460864,,,1664,,3.87
27.805,38.6,32.58,54,40,,5700,-742,1609460864,,,1664,,3.86
27.888,38.7,32.7,54,40,,5700,-730,1609460864,,,1664,,3.87
27.971,38.7,32.65,54,40,,5700,-735,1609460864,,,1664,,3.87
28.054,38.7,32.72,54,40,,5700,-728,1609460864,,,1664,,3.87
28.137,38.7,32.74,54,40,,5700,-726,1609460864,,,1664,,3.87
28.22,38.7,32.7,54,40,,5700,-730,1609460864,,,1664,,3.87
28.303,38.7,32.76,54,40,,5700,-724,1609460864,,,1664,,3.87
28.386,38.8,32.79,54,40,,5700,-721,1609460864,,,1664,,3.88
28.469,38.8,32.75,54,40,,5700,-725,1609460864,,,1664,,3.88
28.552,38.8,32.77,54,40,,5700,-723,1609460864,,,1664,,3.88
28.635,38.8,32.8,54,40,,5700,-720,1609460864,,,1664,,3.88
28.718,38.8,32.79,53,40,,5700,-721,1609460864,,,1664,,3.88
28.801,38.8,32.96,53,40,,5700,-704,1609460864,,,1664,,3.88
28.884,38.8,33.07,53,40,,5700,-693,1609460864,,,1664,,3.88
28.967,38.8,32.97,53,40,,5700,-703,1609460864,,,1664,,3.88
29.05,38.8,32.99,53,40,,5700,-701,1609460864,,,1664,,3.88
29.133,38.8,33.05,53,40,,5700,-695,1609460864,,,1664,,3.88
29.216,38.8,33.09,53,40,,5700,-691,1609460864,,,1664,,3.88
29.299,38.8,33.1,53,40,,5700,-690,1609460864,,,1664,,3.88
29.382,38.8,33.12,53,40,,5700,-688,1609460864,,,1664,,3.88
29.465,38.8,33.12,53,40,,5700,-688,1609460864,,,1664,,3.88
29.548,38.8,33.11,53,40,,5700,-689,1609460864,,,1664,,3.88
29.631,38.8,33.15,53,40,,5700,-685,1609460864,,,1664,,3.88
29.714,38.9,33.19,53,40,,5700,-681,1609460864,,,1664,,3.89
29.797,38.9,33.16,53,40,,5700,-684,1609460864,,,1664,,3.89
29.88,38.8,33.21,53,40,,5700,-679,1609460992,,,1792,,3.88
29.963,38.9,33.17,53,40,,5700,-683,1609460992,,,1792,,3.89
30.046,38.9,33.28,53,40,,5700,-672,1609460992,,,1792,,3.89
30.129,38.9,33.25,53,40,,5700,-675,1609460992,,,1792,,3.89
30.212,38.9,33.31,52,40,,5700,-669,1609460992,,,1792,,3.89
30.295,38.9,33.29,52,40,,5700,-671,1609460992,,,1792,,3.89
30.378,38.9,33.26,52,40,,5700,-674,1609460992,,,1792,,3.89
30.461,38.9,24.23,52,40,,5700,-1577,1609460992,,,1792,,3.89
30.544,37.4,20.46,52,40,,5700,-1954,1609460992,,,1792,,3.74
30.627,37.1,18.73,52,40,,5700,-2127,1609460992,,,1792,,3.71
30.71,37.1,18,52,40,,5700,-2200,1609460992,,,1792,,3.71
30.793,36.9,17.24,52,40,,5700,-2276,1609460992,,,1792,,3.69
30.876,36.9,18.37,51,40,,5700,-2163,1609460992,,,1792,,3.69
30.959,37.2,18.81,51,40,,5700,-2119,1609460992,,,1792,,3.72
31.042,36.8,17.81,51,40,,5700,-2219,1609460992,,,1792,,3.68
31.125,36.8,19.1,51,40,,5700,-2090,1609460992,,,1792,,3.68
31.208,36.7,18.31,51,40,,5700,-2169,1609460992,,,1792,,3.67
31.291,36.8,17.97,51,40,,5700,-2203,1609460992,,,1792,,3.68
31.374,36.8,17.66,50,40,,5700,-2234,1609460992,,,1792,,3.68
31.457,36.8,17.32,50,40,,5700,-2268,1609460992,,,1792,,3.68
31.54,36.8,18.56,50,40,,5700,-2144,1609460992,,,1792,,3.68
31.623,36.7,17.48,50,40,,5700,-2252,1609460992,,,1792,,3.67
31.706,36.6,17.02,50,40,,5700,-2298,1609460992,,,1792,,3.66
31.789,36.7,17.87,50,40,,5700,-2213,1609460992,,,1792,,3.67
31.872,36.6,17.22,49,40,,5700,-2278,1609460992,,,1792,,3.66
31.955,36.5,18.18,49,40,,5700,-2182,1609460992,,,1792,,3.65
32.038,36.6,17.8,49,40,,5700,-2220,1609461120,,,1920,,3.66
32.121,36.8,17.6,49,40,,5700,-2240,1609461120,,,1920,,3.68
32.204,36.6,18.19,49,40,,5700,-2181,1609461120,,,1920,,3.66
32.287,36.7,17.89,48,40,,5700,-2211,1609461120,,,1920,,3.67
32.37,36.6,17.51,48,40,,5700,-2249,1609461120,,,1920,,3.66
32.453,37.1,19.29,48,40,,5700,-2071,1609461120,,,1920,,3.71
32.536,36.6,19.7,48,40,,5700,-2030,1609461120,,,1920,,3.66
32.619,36.6,18.75,48,40,,5700,-2125,1609461120,,,1920,,3.66
32.702,37.6,20.32,48,40,,5700,-1968,1609461120,,,1920,,3.76
32.785,37,19.99,48,40,,5700,-2001,1609461120,,,1920,,3.7
32.868,36.7,20.1,48,40,,5700,-1990,1609461120,,,1920,,3.67
32.951,36.5,20.47,47,40,,5700,-1953,1609461120,,,1920,,3.65
33.034,37,22.16,47,40,,5700,-1784,1609461120,,,1920,,3.7
33.117,37,22.94,47,40,,5700,-1706,1609461120,,,1920,,3.7
33.2,37.2,22.53,47,40,,5700,-1747,1609461120,,,1920,,3.72
33.283,37.1,22.36,47,40,,5700,-1764,1609461120,,,1920,,3.71
33.366,37.1,22.13,47,40,,5700,-1787,1609461120,,,1920,,3.71
33.449,37,22.16,47,40,,5700,-1784,1609461120,,,1920,,3.7
33.532,37.1,22.3,47,40,,5700,-1770,1609461120,,,1920,,3.71
33.615,37.1,22.52,47,40,,5700,-1748,1609461120,,,1920,,3.71
33.698,37.1,22.54,47,40,,5700,-1746,1609461120,,,1920,,3.71
33.781,37,22.35,46,40,,5700,-1765,1609461120,,,1920,,3.7
33.864,37.1,22.7,46,40,,5700,-1730,1609461120,,,1920,,3.71
33.947,37.1,22.42,46,40,,5700,-1758,1609461120,,,1920,,3.71
34.03,37,22.31,46,40,,5700,-1769,1609461120,,,1920,,3.7
34.113,37.1,22.49,46,40,,5700,-1751,1609461248,,,2048,,3.71
34.196,37,23.36,46,40,,5700,-1664,1609461248,,,2048,,3.7
34.279,37.1,22.47,46,40,,5700,-1753,1609461248,,,2048,,3.71
34.362,37,22.3,46,40,,5700,-1770,1609461248,,,2048,,3.7
34.445,37,23.15,46,40,,5700,-1685,1609461248,,,2048,,3.7
34.528,37,22.46,46,40,,5700,-1754,1609461248,,,2048,,3.7
34.611,37,22.62,45,40,,5700,-1738,1609461248,,,2048,,3.7
34.694,37,22.33,45,40,,5700,-1767,1609461248,,,2048,,3.7
34.777,37,23.12,45,40,,5700,-1688,1609461248,,,2048,,3.7
34.86,37,22.21,45,40,,5700,-1779,1609461248,,,2048,,3.7
34.943,37.8,23.26,45,40,,5700,-1674,1609461248,,,2048,,3.78
35.026,37,22.34,45,40,,5700,-1766,1609461248,,,2048,,3.7
35.109,37,22.3,45,40,,5700,-1770,1609461248,,,2048,,3.7
35.192,37.1,23.25,45,40,,5700,-1675,1609461248,,,2048,,3.71
35.275,37,23.16,45,40,,5700,-1684,1609461248,,,2048,,3.7
35.358,37,22.58,45,40,,5700,-1742,1609461248,,,2048,,3.7
35.441,37,22.28,45,40,,5700,-1772,1609461248,,,2048,,3.7
35.524,36.9,22.97,44,40,,5700,-1703,1609461248,,,2048,,3.69
35.607,36.9,22.35,44,40,,5700,-1765,1609461248,,,2048,,3.69
35.69,37,22.41,44,40,,5700,-1759,1609461248,,,2048,,3.7
35.773,37,22.49,44,40,,5700,-1751,1609461248,,,2048,,3.7
35.856,37,23.21,44,40,,5700,-1679,1609461248,,,2048,,3.7
35.939,37,22.4,44,40,,5700,-1760,1609461248,,,2048,,3.7
36.022,37,23.33,44,40,,5700,-1667,1609461248,,,2048,,3.7
36.105,36.9,22.41,44,40,,5700,-1759,1609461248,,,2048,,3.69
36.188,37,23.28,44,40,,5700,-1672,1609461248,,,2048,,3.7
36.271,37.2,22.99,44,40,,5700,-1701,1609461376,,,2176,,3.72
36.354,37,23.15,43,40,,5700,-1685,1609461376,,,2176,,3.7
36.437,36.9,22.4,43,40,,5700,-1760,1609461376,,,2176,,3.69
36.52,36.9,22.59,43,40,,5700,-1741,1609461376,,,2176,,3.69
36.603,36.9,22.47,43,40,,5700,-1753,1609461376,,,2176,,3.69
36.686,37,21.36,43,40,,5700,-1864,1609461376,,,2176,,3.7
36.769,36.9,21.55,43,40,,5700,-1845,1609461376,,,2176,,3.69
36.852,36.7,21.04,43,40,,5700,-1896,1609461376,,,2176,,3.67
36.935,37.3,21.95,43,40,,5700,-1805,1609461376,,,2176,,3.73
37.018,36.2,21.68,43,40,,5700,-1832,1609461376,,,2176,,3.62
37.101,37.2,21.3,43,40,,5700,-1870,1609461376,,,2176,,3.72
37.184,36.4,20.06,42,40,,5700,-1994,1609461376,,,2176,,3.64
37.267,36.8,20.95,42,40,,5700,-1905,1609461376,,,2176,,3.68
37.35,37.3,19.29,42,40,,5700,-2071,1609461376,,,2176,,3.73
37.433,36.4,20.51,42,40,,5700,-1949,1609461376,,,2176,,3.64
37.516,36.1,18.61,42,40,,5700,-2139,1609461376,,,2176,,3.61
37.599,36.3,21.52,42,40,,5700,-1848,1609461376,,,2176,,3.63
37.682,36.3,22.07,42,40,,5700,-1793,1609461376,,,2176,,3.63
37.765,37,22.2,42,40,,5700,-1780,1609461376,,,2176,,3.7
37.848,36.3,20.22,42,40,,5700,-1978,1609461376,,,2176,,3.63
37.931,37,18.86,41,40,,5700,-2114,1609461376,,,2176,,3.7
38.014,36.6,21.36,41,40,,5700,-1864,1609461376,,,2176,,3.66
38.097,36.3,19.99,41,40,,5700,-2001,1609461376,,,2176,,3.63
38.18,36.3,21.43,41,40,,5700,-1857,1609461376,,,2176,,3.63
38.263,37,20.83,41,40,,5700,-1917,1609461376,,,2176,,3.7
38.346,36.3,21.64,41,40,,5700,-1836,1609461504,,,2304,,3.63
38.429,36.3,19.56,41,40,,5700,-2044,1609461504,,,2304,,3.63
38.512,37.1,20.09,41,40,,5700,-1991,1609461504,,,2304,,3.71
38.595,36.2,22.08,41,40,,5700,-1792,1609461504,,,2304,,3.62
38.678,36.5,21.34,41,40,,5700,-1866,1609461504,,,2304,,3.65
38.761,37.1,20.88,40,40,,5700,-1912,1609461504,,,2304,,3.71
38.844,37.3,21.76,40,40,,5700,-1824,1609461504,,,2304,,3.73
38.927,36.5,20.24,40,40,,5700,-1976,1609461504,,,2304,,3.65
39.01,36.3,20.06,40,40,,5700,-1994,1609461504,,,2304,,3.63
39.093,37.2,19.47,40,40,,5700,-2053,1609461504,,,2304,,3.72
39.176,36.6,23.11,40,40,,5700,-1689,1609461504,,,2304,,3.66
39.259,36.7,22.37,40,40,,5700,-1763,1609461504,,,2304,,3.67
39.342,36.5,22.17,40,40,,5700,-1783,1609461504,,,2304,,3.65
39.425,36.6,22.86,40,40,,5700,-1714,1609461504,,,2304,,3.66
39.508,36.6,22.89,40,40,,5700,-1711,1609461504,,,2304,,3.66
39.591,36.6,23,39,40,,5700,-1700,1609461504,,,2304,,3.66
39.674,36.7,22.23,39,40,,5700,-1777,1609461504,,,2304,,3.67
39.757,36.7,22.29,39,40,,5700,-1771,1609461504,,,2304,,3.67
39.84,36.6,22.45,39,40,,5700,-1755,1609461504,,,2304,,3.66
39.923,36.6,22.23,39,40,,5700,-1777,1609461504,,,2304,,3.66
40.006,36.6,22.1,39,40,,5700,-1790,1609461504,,,2304,,3.66
40.089,36.6,22.2,39,40,,5700,-1780,1609461504,,,2304,,3.66
40.172,36.6,22.21,39,40,,5700,-1779,1609461504,,,2304,,3.66
40.255,36.7,22.83,39,40,,5700,-1717,1609461504,,,2304,,3.67
40.338,37.3,22.96,39,40,,5700,-1704,1609461504,,,2304,,3.73
40.421,37,23.06,38,40,,5700,-1694,1609461504,,,2304,,3.7
40.504,36.6,22.29,38,40,,5700,-1771,1609461632,,,2432,,3.66
40.587,36.6,22.14,38,40,,5700,-1786,1609461632,,,2432,,3.66
40.67,36.5,22.06,38,40,,5700,-1794,1609461632,,,2432,,3.65
40.753,36.5,21.86,38,40,,5700,-1814,1609461632,,,2432,,3.65
40.836,36.6,22.96,38,40,,5700,-1704,1609461632,,,2432,,3.66
40.919,36.6,22.91,38,40,,5700,-1709,1609461632,,,2432,,3.66
41.002,36.5,22.09,38,40,,5700,-1791,1609461632,,,2432,,3.65
41.085,37.1,29.26,38,40,,5700,-1074,1609461632,,,2432,,3.71
41.168,37.4,31.15,38,40,,5700,-885,1609461632,,,2432,,3.74
41.251,35.7,13.3,38,40,,5700,-2670,1609461632,,,2432,,3.57
41.334,36.3,20.16,37,40,,5700,-1984,1609461632,,,2432,,3.63
41.417,36.1,19.14,37,40,,5700,-2086,1609461632,,,2432,,3.61
41.5,36,20.61,37,40,,5700,-1939,1609461632,,,2432,,3.6
41.583,36.9,19.94,37,40,,5700,-2006,1609461632,,,2432,,3.69
41.666,36.5,22.42,37,40,,5700,-1758,1609461632,,,2432,,3.65
41.749,36.6,22.17,37,40,,5700,-1783,1609461632,,,2432,,3.66
41.832,36.5,22.17,37,40,,5700,-1783,1609461632,,,2432,,3.65
41.915,36.5,22.03,37,40,,5700,-1797,1609461632,,,2432,,3.65
41.998,36.3,21.25,37,40,,5700,-1875,1609461632,,,2432,,3.63
42.081,36.1,19.76,36,40,,5700,-2024,1609461632,,,2432,,3.61
42.164,36,20.87,36,40,,5700,-1913,1609461632,,,2432,,3.6
42.247,36.7,21.36,36,40,,5700,-1864,1609461632,,,2432,,3.67
42.33,36.1,21.27,36,40,,5700,-1873,1609461632,,,2432,,3.61
42.413,36.1,20.86,36,40,,5700,-1914,1609461632,,,2432,,3.61
42.496,36.2,19.92,36,40,,5700,-2008,1609461632,,,2432,,3.62
42.579,36.4,20.79,36,40,,5700,-1921,1609461760,,,2560,,3.64
42.662,36.6,21.18,36,40,,5700,-1882,1609461760,,,2560,,3.66
42.745,36,21.31,36,40,,5700,-1869,1609461760,,,2560,,3.6
42.828,36.2,21.28,36,40,,5700,-1872,1609461760,,,2560,,3.62
42.911,36.1,20.51,35,40,,5700,-1949,1609461760,,,2560,,3.61
42.994,36,20.04,35,40,,5700,-1996,1609461760,,,2560,,3.6
43.077,36,19.77,35,40,,5700,-2023,1609461760,,,2560,,3.6
43.16,36,20.74,35,40,,5700,-1926,1609461760,,,2560,,3.6
43.243,35.9,20.37,35,40,,5700,-1963,1609461760,,,2560,,3.59
43.326,36.2,20.31,35,40,,5700,-1969,1609461760,,,2560,,3.62
43.409,35.8,20.28,35,40,,5700,-1972,1609461760,,,2560,,3.58
43.492,35.9,19.39,35,40,,5700,-2061,1609461760,,,2560,,3.59
43.575,35.6,21.21,35,40,,5700,-1879,1609461760,,,2560,,3.56
43.658,36.2,21.11,34,40,,5700,-1889,1609461760,,,2560,,3.62
43.741,36,21.87,34,40,,5700,-1813,1609461760,,,2560,,3.6
43.824,35.9,21.58,34,40,,5700,-1842,1609461760,,,2560,,3.59
43.907,36.9,21.69,34,40,,5700,-1831,1609461760,,,2560,,3.69
43.99,35.9,20.75,34,40,,5700,-1925,1609461760,,,2560,,3.59
44.073,36,20.46,34,40,,5700,-1954,1609461760,,,2560,,3.6
44.156,35.9,21,34,40,,5700,-1900,1609461760,,,2560,,3.59
44.239,35.9,21.5,34,40,,5700,-1850,1609461760,,,2560,,3.59
44.322,35.9,19.8,34,40,,5700,-2020,1609461760,,,2560,,3.59
44.405,35.8,19.95,34,40,,5700,-2005,1609461760,,,2560,,3.58
44.488,36.5,23.11,33,40,,5700,-1689,1609461760,,,2560,,3.65
44.571,36.3,22.69,33,40,,5700,-1731,1609461760,,,2560,,3.63
44.654,36.3,22.31,33,40,,5700,-1769,1609461760,,,2560,,3.63
44.737,36.6,22.91,33,40,,5700,-1709,1609461888,,,2688,,3.66
44.82,36.3,22.77,33,40,,5700,-1723,1609461888,,,2688,,3.63
44.903,36.3,22.92,33,40,,5700,-1708,1609461888,,,2688,,3.63
44.986,36.3,22.47,33,40,,5700,-1753,1609461888,,,2688,,3.63
45.069,36.3,22.79,33,40,,5700,-1721,1609461888,,,2688,,3.63
45.152,36.3,22.23,33,40,,5700,-1777,1609461888,,,2688,,3.63
45.235,36.3,22.98,33,40,,5700,-1702,1609461888,,,2688,,3.63
45.318,36.3,22.16,32,40,,5700,-1784,1609461888,,,2688,,3.63
45.401,36.3,22.05,32,40,,5700,-1795,1609461888,,,2688,,3.63
45.484,36.3,22.38,32,40,,5700,-1762,1609461888,,,2688,,3.63
45.567,36.3,23.01,32,40,,5700,-1699,1609461888,,,2688,,3.63
45.65,36.3,22.11,32,40,,5700,-1789,1609461888,,,2688,,3.63
45.733,36.3,23.69,32,40,,5700,-1631,1609461888,,,2688,,3.63
45.816,36.3,22.08,32,40,,5700,-1792,1609461888,,,2688,,3.63
45.899,36.2,21.88,32,40,,5700,-1812,1609461888,,,2688,,3.62
45.982,36.2,22.03,32,40,,5700,-1797,1609461888,,,2688,,3.62
46.065,36.2,22.72,32,40,,5700,-1728,1609461888,,,2688,,3.62
46.148,36.3,23.35,32,40,,5700,-1665,1609461888,,,2688,,3.63
46.231,36.3,20.66,31,40,,5700,-1934,1609461888,,,2688,,3.63
46.314,35.9,21.28,31,40,,5700,-1872,1609461888,,,2688,,3.59
46.397,35.9,20.02,31,40,,5700,-1998,1609461888,,,2688,,3.59
46.48,36.1,20.75,31,40,,5700,-1925,1609461888,,,2688,,3.61
46.563,35.5,19.41,31,40,,5700,-2059,1609461888,,,2688,,3.55
46.646,36.8,20.58,31,40,,5700,-1942,1609461888,,,2688,,3.68
46.729,35.6,19.73,31,40,,5700,-2027,1609461888,,,2688,,3.56
46.812,36.3,20.24,31,40,,5700,-1976,1609461888,,,2688,,3.63
46.895,36,19.49,31,40,,5700,-2051,1609462016,,,2816,,3.6
46.978,35.9,21.56,30,40,,5700,-1844,1609462016,,,2816,,3.59
47.061,35.8,20.39,30,40,,5700,-1961,1609462016,,,2816,,3.58
47.144,36.6,20.92,30,40,,5700,-1908,1609462016,,,2816,,3.66
47.227,35.7,18.55,30,40,,5700,-2145,1609462016,,,2816,,3.57
47.31,36.2,21.84,30,40,,5700,-1816,1609462016,,,2816,,3.62
47.393,35.7,20.33,30,40,,5700,-1967,1609462016,,,2816,,3.57
47.476,35.6,20.23,30,40,,5700,-1977,1609462016,,,2816,,3.56
47.559,35.6,20.39,30,40,,5700,-1961,1609462016,,,2816,,3.56
47.642,35.6,19.57,30,40,,5700,-2043,1609462016,,,2816,,3.56
47.725,35.6,19.67,30,40,,5700,-2033,1609462016,,,2816,,3.56
47.808,36.3,21.03,29,40,,5700,-1897,1609462016,,,2816,,3.63
47.891,35.5,22.2,29,40,,5700,-1780,1609462016,,,2816,,3.55
47.974,36.7,22.03,29,40,,5700,-1797,1609462016,,,2816,,3.67
48.057,35.6,20.86,29,40,,5700,-1914,1609462016,,,2816,,3.56
48.14,36.7,21.86,29,40,,5700,-1814,1609462016,,,2816,,3.67
48.223,36.7,21.91,29,40,,5700,-1809,1609462016,,,2816,,3.67
48.306,36.5,21.23,29,40,,5700,-1877,1609462016,,,2816,,3.65
48.389,35.8,22.51,29,40,,5700,-1749,1609462016,,,2816,,3.58
48.472,35.6,19.53,29,40,,5700,-2047,1609462016,,,2816,,3.56
48.555,35.5,21.8,28,40,,5700,-1820,1609462016,,,2816,,3.55
48.638,36.7,22.34,28,40,,5700,-1766,1609462016,,,2816,,3.67
48.721,36.6,20.21,28,40,,5700,-1979,1609462016,,,2816,,3.66
48.804,36,22.1,28,40,,5700,-1790,1609462016,,,2816,,3.6
48.887,36.1,22.2,28,40,,5700,-1780,1609462016,,,2816,,3.61
48.97,36.1,22.91,28,40,,5700,-1709,1609462144,,,2944,,3.61
49.053,36,23.75,28,40,,5700,-1625,1609462144,,,2944,,3.6
49.136,36,21.92,28,40,,5700,-1808,1609462144,,,2944,,3.6
49.219,36,23.45,28,40,,5700,-1655,1609462144,,,2944,,3.6
49.302,36,22.74,28,40,,5700,-1726,1609462144,,,2944,,3.6
49.385,36,22.76,28,40,,5700,-1724,1609462144,,,2944,,3.6
49.468,36,22.74,27,40,,5700,-1726,1609462144,,,2944,,3.6
49.551,36,22.02,27,40,,5700,-1798,1609462144,,,2944,,3.6
49.634,36,22.81,27,40,,5700,-1719,1609462144,,,2944,,3.6
49.717,36,22.05,27,40,,5700,-1795,1609462144,,,2944,,3.6
49.8,36,22.59,27,40,,5700,-1741,1609462144,,,2944,,3.6
49.883,36.8,23.14,27,40,,5700,-1686,1609462144,,,2944,,3.68
49.966,36,21.55,27,40,,5700,-1845,1609462144,,,2944,,3.6
50.049,35.7,21.14,27,40,,5700,-1886,1609462144,,,2944,,3.57
50.132,35.6,22.21,27,40,,5700,-1779,1609462144,,,2944,,3.56
50.215,35.8,19.14,27,40,,5700,-2086,1609462144,,,2944,,3.58
50.298,35.6,20.55,26,40,,5700,-1945,1609462144,,,2944,,3.56
50.381,35.7,20.45,26,40,,5700,-1955,1609462144,,,2944,,3.57
50.464,35.6,20.98,26,40,,5700,-1902,1609462144,,,2944,,3.56
50.547,36.5,21.05,26,40,,5700,-1895,1609462144,,,2944,,3.65
50.63,35.8,22.1,26,40,,5700,-1790,1609462144,,,2944,,3.58
50.713,36.2,21.23,26,40,,5700,-1877,1609462144,,,2944,,3.62
50.796,36.2,20.43,26,40,,5700,-1957,1609462144,,,2944,,3.62
50.879,35.5,20.05,26,40,,5700,-1995,1609462144,,,2944,,3.55
50.962,35.6,21.61,26,40,,5700,-1839,1609462144,,,2944,,3.56
51.045,35.2,19.83,25,40,,5700,-2017,1609462144,,,2944,,3.52
51.128,36.4,20.77,25,40,,5700,-1923,1609462272,,,3072,,3.64
51.211,35.6,21.89,25,40,,5700,-1811,1609462272,,,3072,,3.56
51.294,36.6,21.21,25,40,,5700,-1879,1609462272,,,3072,,3.66
51.377,36.4,21.17,25,40,,5700,-1883,1609462272,,,3072,,3.64
51.46,35.5,21.09,25,40,,5700,-1891,1609462272,,,3072,,3.55
51.543,35.6,21.07,25,40,,5700,-1893,1609462272,,,3072,,3.56
51.626,36.4,22.04,25,40,,5700,-1796,1609462272,,,3072,,3.64
51.709,35.5,21.12,25,40,,5700,-1888,1609462272,,,3072,,3.55
51.792,36.1,22.12,25,40,,5700,-1788,1609462272,,,3072,,3.61
51.875,35.5,22.86,24,40,,5700,-1714,1609462272,,,3072,,3.55
51.958,35.6,21.69,24,40,,5700,-1831,1609462272,,,3072,,3.56
52.041,36.5,21.98,24,40,,5700,-1802,1609462272,,,3072,,3.65
52.124,35.5,23.58,24,40,,5700,-1642,1609462272,,,3072,,3.55
52.207,36.2,20.91,24,40,,5700,-1909,1609462272,,,3072,,3.62
52.29,35.8,21.66,24,40,,5700,-1834,1609462272,,,3072,,3.58
52.373,35.5,21.08,24,40,,5700,-1892,1609462272,,,3072,,3.55
52.456,35.4,20.8,24,40,,5700,-1920,1609462272,,,3072,,3.54
52.539,36.8,31.97,24,40,,5700,-803,1609462272,,,3072,,3.68
52.622,36.9,32.04,24,40,,5700,-796,1609462272,,,3072,,3.69
52.705,36.9,32.07,24,40,,5700,-793,1609462272,,,3072,,3.69
52.788,36.9,31.89,23,40,,5700,-811,1609462272,,,3072,,3.69
52.871,37,32.16,23,40,,5700,-784,1609462272,,,3072,,3.7
52.954,37,32.22,23,40,,5700,-778,1609462272,,,3072,,3.7
53.037,34.9,16.6,23,40,,5700,-2340,1609462272,,,3072,,3.49
53.12,35.1,16.04,23,40,,5700,-2396,1609462272,,,3072,,3.51
53.203,34.9,16.4,23,40,,5700,-2360,1609462272,,,3072,,3.49
53.286,35.3,17.69,23,40,,5700,-2231,1609462400,,,3200,,3.53
53.369,35.2,18.21,23,40,,5700,-2179,1609462400,,,3200,,3.52
53.452,36.1,20.08,23,40,,5700,-1992,1609462400,,,3200,,3.61
53.535,34.9,18.02,23,40,,5700,-2198,1609462400,,,3200,,3.49
53.618,35.3,20.21,22,40,,5700,-1979,1609462400,,,3200,,3.53
53.701,35.2,19.05,22,40,,5700,-2095,1609462400,,,3200,,3.52
53.784,35.4,19.64,22,40,,5700,-2036,1609462400,,,3200,,3.54
53.867,35.8,20.67,22,40,,5700,-1933,1609462400,,,3200,,3.58
53.95,35.2,19.59,22,40,,5700,-2041,1609462400,,,3200,,3.52
54.033,35.1,19.66,22,40,,5700,-2034,1609462400,,,3200,,3.51
54.116,35.3,19.43,22,40,,5700,-2057,1609462400,,,3200,,3.53
54.199,35.2,20.62,22,40,,5700,-1938,1609462400,,,3200,,3.52
54.282,35,18.34,22,40,,5700,-2166,1609462400,,,3200,,3.5
54.365,35.7,20.59,21,40,,5700,-1941,1609462400,,,3200,,3.57
54.448,35.7,19.11,21,40,,5700,-2089,1609462400,,,3200,,3.57
54.531,36.2,21.5,21,40,,5700,-1850,1609462400,,,3200,,3.62
54.614,36.1,21.51,21,40,,5700,-1849,1609462400,,,3200,,3.61
54.697,35.1,21.66,21,40,,5700,-1834,1609462400,,,3200,,3.51
54.78,36.1,21.09,21,40,,5700,-1891,1609462400,,,3200,,3.61
54.863,35.8,21.51,21,40,,5700,-1849,1609462400,,,3200,,3.58
54.946,35.8,21.43,21,40,,5700,-1857,1609462400,,,3200,,3.58
55.029,35.4,20.99,21,40,,5700,-1901,1609462400,,,3200,,3.54
55.112,35,20.77,20,40,,5700,-1923,1609462400,,,3200,,3.5
55.195,35,20.93,20,40,,5700,-1907,1609462400,,,3200,,3.5
55.278,36.1,21.58,20,40,,5700,-1842,1609462400,,,3200,,3.61
55.361,35.4,21.09,20,40,,5700,-1891,1609462528,,,3328,,3.54
55.444,35.3,19.88,20,40,,5700,-2012,1609462528,,,3328,,3.53
55.527,35.5,23.43,20,40,,5700,-1657,1609462528,,,3328,,3.55
55.61,36.1,23.89,20,40,,5700,-1611,1609462528,,,3328,,3.61
55.693,35.5,21.78,20,40,,5700,-1822,1609462528,,,3328,,3.55
55.776,35.5,22.31,20,40,,5700,-1769,1609462528,,,3328,,3.55
55.859,35.5,22.37,20,40,,5700,-1763,1609462528,,,3328,,3.55
55.942,35.5,23.14,20,40,,5700,-1686,1609462528,,,3328,,3.55
56.025,35.9,22.17,19,40,,5700,-1783,1609462528,,,3328,,3.59
56.108,35.8,23.14,19,40,,5700,-1686,1609462528,,,3328,,3.58
56.191,35.5,21.58,19,40,,5700,-1842,1609462528,,,3328,,3.55
56.274,36.1,21.06,19,40,,5700,-1894,1609462528,,,3328,,3.61
56.357,35.1,21.35,19,40,,5700,-1865,1609462528,,,3328,,3.51
56.44,35.5,22.15,19,40,,5700,-1785,1609462528,,,3328,,3.55
56.523,35.7,20.2,19,40,,5700,-1980,1609462528,,,3328,,3.57
56.606,35.6,20.69,19,40,,5700,-1931,1609462528,,,3328,,3.56
56.689,34.7,20.53,19,40,,5700,-1947,1609462528,,,3328,,3.47
56.772,36,20.95,19,40,,5700,-1905,1609462528,,,3328,,3.6
56.855,34.6,19.62,18,40,,5700,-2038,1609462528,,,3328,,3.46
56.938,34.8,19.8,18,40,,5700,-2020,1609462528,,,3328,,3.48
57.021,34.8,20.76,18,40,,5700,-1924,1609462528,,,3328,,3.48
57.104,35.2,20.73,18,40,,5700,-1927,1609462528,,,3328,,3.52
57.187,35.3,21.16,18,40,,5700,-1884,1609462528,,,3328,,3.53
57.27,34.9,20.75,18,40,,5700,-1925,1609462528,,,3328,,3.49
57.353,34.9,21.63,18,40,,5700,-1837,1609462528,,,3328,,3.49
57.436,34.8,20.71,18,40,,5700,-1929,1609462528,,,3328,,3.48
57.519,34.6,21.64,18,40,,5700,-1836,1609462656,,,3456,,3.46
57.602,35.7,21.78,17,40,,5700,-1822,1609462656,,,3456,,3.57
57.685,34.7,21.45,17,40,,5700,-1855,1609462656,,,3456,,3.47
57.768,35,21.36,17,40,,5700,-1864,1609462656,,,3456,,3.5
57.851,35.8,21.13,17,40,,5700,-1887,1609462656,,,3456,,3.58
57.934,34.8,21.54,17,40,,5700,-1846,1609462656,,,3456,,3.48
58.017,34.8,18.69,17,40,,5700,-2131,1609462656,,,3456,,3.48
58.1,35.7,20.22,17,40,,5700,-1978,1609462656,,,3456,,3.57
58.183,35.4,20.86,17,40,,5700,-1914,1609462656,,,3456,,3.54
58.266,34.5,20.91,17,40,,5700,-1909,1609462656,,,3456,,3.45
58.349,35.8,21.28,16,40,,5700,-1872,1609462656,,,3456,,3.58
58.432,35.8,19,16,40,,5700,-2100,1609462656,,,3456,,3.58
58.515,35.6,20.66,16,40,,5700,-1934,1609462656,,,3456,,3.56
58.598,34.7,19.73,16,40,,5700,-2027,1609462656,,,3456,,3.47
58.681,35.1,21.85,16,40,,5700,-1815,1609462656,,,3456,,3.51
58.764,35.3,23.7,16,40,,5700,-1630,1609462656,,,3456,,3.53
58.847,35.2,23.11,16,40,,5700,-1689,1609462656,,,3456,,3.52
58.93,35.2,22.29,16,40,,5700,-1771,1609462656,,,3456,,3.52
59.013,35.2,22.33,16,40,,5700,-1767,1609462656,,,3456,,3.52
59.096,36.1,22.7,16,40,,5700,-1730,1609462656,,,3456,,3.61
59.179,35.2,23.03,15,40,,5700,-1697,1609462656,,,3456,,3.52
59.262,35.3,22.99,15,40,,5700,-1701,1609462656,,,3456,,3.53
59.345,35.3,22.98,15,40,,5700,-1702,1609462656,,,3456,,3.53
59.428,35.2,22.45,15,40,,5700,-1755,1609462656,,,3456,,3.52
59.511,35.2,23.5,15,40,,5700,-1650,1609462656,,,3456,,3.52
59.594,35.2,22.74,15,40,,5700,-1726,1609462784,,,3584,,3.52
59.677,35.3,22.19,15,40,,5700,-1781,1609462784,,,3584,,3.53
59.76,35.8,22.05,15,40,,5700,-1795,1609462784,,,3584,,3.58
59.843,35,20.2,15,40,,5700,-1980,1609462784,,,3584,,3.5
59.926,35.2,21.36,15,40,,5700,-1864,1609462784,,,3584,,3.52
60.009,34.9,19.79,15,40,,5700,-2021,1609462784,,,3584,,3.49
60.092,35.8,20.49,14,40,,5700,-1951,1609462784,,,3584,,3.58
60.175,34.6,19.55,14,40,,5700,-2045,1609462784,,,3584,,3.46
60.258,34.9,19.09,14,40,,5700,-2091,1609462784,,,3584,,3.49
60.341,34.3,20.34,14,40,,5700,-1966,1609462784,,,3584,,3.43
60.424,35.5,20.44,14,40,,5700,-1956,1609462784,,,3584,,3.55
60.507,35.7,18.52,14,40,,5700,-2148,1609462784,,,3584,,3.57
60.59,35.8,20.09,14,40,,5700,-1991,1609462784,,,3584,,3.58
60.673,35.8,21.11,14,40,,5700,-1889,1609462784,,,3584,,3.58
60.756,34.4,19.83,14,40,,5700,-2017,1609462784,,,3584,,3.44
60.839,35.2,21,13,40,,5700,-1900,1609462784,,,3584,,3.52
60.922,34.8,20.32,13,40,,5700,-1968,1609462784,,,3584,,3.48
61.005,34.5,20.6,13,40,,5700,-1940,1609462784,,,3584,,3.45
61.088,34.5,19.8,13,40,,5700,-2020,1609462784,,,3584,,3.45
61.171,34.4,19.78,13,40,,5700,-2022,1609462784,,,3584,,3.44
61.254,35.3,21.23,13,40,,5700,-1877,1609462784,,,3584,,3.53
61.337,35.1,21.25,13,40,,5700,-1875,1609462784,,,3584,,3.51
61.42,35.4,20.67,13,40,,5700,-1933,1609462784,,,3584,,3.54
61.503,34.7,19.91,13,40,,5700,-2009,1609462784,,,3584,,3.47
61.586,34.2,20.75,12,40,,5700,-1925,1609462784,,,3584,,3.42
61.669,35.4,19.95,12,40,,5700,-2005,1609462784,,,3584,,3.54
61.752,34.9,21.51,12,40,,5700,-1849,1609462912,,,3712,,3.49
61.835,34.8,21.52,12,40,,5700,-1848,1609462912,,,3712,,3.48
61.918,34.9,21.13,12,40,,5700,-1887,1609462912,,,3712,,3.49
62.001,34.6,21.5,12,40,,5700,-1850,1609462912,,,3712,,3.46
62.084,34.4,20.18,12,40,,5700,-1982,1609462912,,,3712,,3.44
62.167,35.6,20.38,12,40,,5700,-1962,1609462912,,,3712,,3.56
62.25,34.5,21.25,12,40,,5700,-1875,1609462912,,,3712,,3.45
62.333,35.1,21.12,11,40,,5700,-1888,1609462912,,,3712,,3.51
62.416,35.2,22.89,11,40,,5700,-1711,1609462912,,,3712,,3.52
62.499,35.6,22.06,11,40,,5700,-1794,1609462912,,,3712,,3.56
62.582,34.9,23.96,11,40,,5700,-1604,1609462912,,,3712,,3.49
62.665,34.8,21.15,11,40,,5700,-1885,1609462912,,,3712,,3.48
62.748,35,22.78,11,40,,5700,-1722,1609462912,,,3712,,3.5
62.831,34.8,21.96,11,40,,5700,-1804,1609462912,,,3712,,3.48
62.914,35.4,22.73,11,40,,5700,-1727,1609462912,,,3712,,3.54
62.997,35.6,27.73,11,40,,5700,-1227,1609462912,,,3712,,3.56
63.08,35.8,29.58,11,40,,5700,-1042,1609462912,,,3712,,3.58
63.163,36,31.92,11,40,,5700,-808,1609462912,,,3712,,3.6
63.246,36.1,31.92,11,40,,5700,-808,1609462912,,,3712,,3.61
63.329,36.1,31.99,10,40,,5700,-801,1609462912,,,3712,,3.61
63.412,36.1,31.99,10,40,,5700,-801,1609462912,,,3712,,3.61
63.495,36.1,32,10,40,,5700,-800,1609462912,,,3712,,3.61
63.578,36.1,31.93,10,40,,5700,-807,1609462912,,,3712,,3.61
63.661,36.1,32.07,10,40,,5700,-793,1609462912,,,3712,,3.61
63.744,36.2,32.05,10,40,,5700,-795,1609462912,,,3712,,3.62
63.827,36.2,32.13,10,40,,5700,-787,1609463040,,,3840,,3.62
63.91,36.2,32.11,0,40,,5700,-789,1609463040,,,3840,,3.62
63.993,36.2,32.18,0,40,,5700,-782,1609463040,,,3840,,3.62
64.076,36.2,32.21,0,40,,5700,-779,1609463040,,,3840,,3.62
64.159,36.2,32.17,0,40,,5700,-783,1609463040,,,3840,,3.62
64.242,36.2,32.22,0,40,,5700,-778,1609463040,,,3840,,3.62
64.325,36.2,32.27,0,40,,5700,-773,1609463040,,,3840,,3.62
64.408,36.2,32.26,0,40,,5700,-774,1609463040,,,3840,,3.62
64.491,36.2,32.35,0,40,,5700,-765,1609463040,,,3840,,3.62
64.574,36.2,32.4,0,40,,5700,-760,1609463040,,,3840,,3.62
64.657,36.2,32.37,0,40,,5700,-763,1609463040,,,3840,,3.62
64.74,36.2,32.4,0,40,,5700,-760,1609463040,,,3840,,3.62
64.823,36.2,32.51,0,40,,5700,-749,1609463040,,,3840,,3.62
64.906,36.2,32.44,0,40,,5700,-756,1609463040,,,3840,,3.62
64.989,36.2,32.38,0,40,,5700,-762,1609463040,,,3840,,3.62
65.072,36.2,32.49,0,40,,5700,-751,1609463040,,,3840,,3.62
65.155,36.2,32.55,0,40,,5700,-745,1609463040,,,3840,,3.62
65.238,36.2,32.53,0,40,,5700,-747,1609463040,,,3840,,3.62
65.321,36.2,28.19,0,40,,5700,-1181,1609463040,,,3840,,3.62
65.404,35,21.29,0,40,,5700,-1871,1609463040,,,3840,,3.5
65.487,34.9,21.18,0,40,,5700,-1882,1609463040,,,3840,,3.49
65.57,34.9,21.23,0,40,,5700,-1877,1609463040,,,3840,,3.49
65.653,34.8,18.87,0,40,,5700,-2113,1609463040,,,3840,,3.48
65.736,34.5,17.36,0,40,,5700,-2264,1609463040,,,3840,,3.45
65.819,34.3,17.05,0,40,,5700,-2295,1609463040,,,3840,,3.43
65.902,34.2,16.05,0,40,,5700,-2395,1609463040,,,3840,,3.42
65.985,34,15.96,0,40,,5700,-2404,1609463168,,,3968,,3.4
66.068,34,15.68,0,40,,5700,-2432,1609463168,,,3968,,3.4
66.151,34.1,15.67,0,40,,5700,-2433,1609463168,,,3968,,3.41
66.234,34,15.44,0,40,,5700,-2456,1609463168,,,3968,,3.4
66.317,33.9,15.61,0,40,,5700,-2439,1609463168,,,3968,,3.39
66.4,33.5,11.9,0,40,,5700,-2810,1609463168,,,3968,,3.35
66.483,33.8,12.25,0,40,,5700,-2775,1609459200,,,3968,,3.38
66.566,33.9,14.52,0,40,,5700,-2548,1609459200,,,3968,,3.39
66.649,34.3,19.22,0,40,,5700,-2078,1609459200,,,3968,,3.43
66.732,34.4,19.67,0,40,,5700,-2033,1609459200,,,3968,,3.44
66.815,34.4,19.69,0,40,,5700,-2031,1609459200,,,3968,,3.44
66.898,34.3,19.62,0,40,,5700,-2038,1609459200,,,3968,,3.43
66.981,34.3,19.54,0,40,,5700,-2046,1609459200,,,3968,,3.43
67.064,34.3,19.57,0,40,,5700,-2043,1609459200,,,3968,,3.43
67.147,34.3,19.55,0,40,,5700,-2045,1609459200,,,3968,,3.43
67.23,34.3,19.48,0,40,,5700,-2052,1609459200,,,3968,,3.43
67.313,34.3,19.61,0,40,,5700,-2039,1609459200,,,3968,,3.43
67.396,34.3,19.63,0,40,,5700,-2037,1609459200,,,3968,,3.43
67.479,34.3,19.68,0,40,,5700,-2032,1609459200,,,3968,,3.43
67.562,34.3,19.88,0,40,,5700,-2012,1609459328,,,4096,,3.43
67.645,34.3,19.57,0,40,,5700,-2043,1609459328,,,4096,,3.43
67.728,34.3,19.68,0,40,,5700,-2032,1609459328,,,4096,,3.43
67.811,34.3,19.74,0,40,,5700,-2026,1609459328,,,4096,,3.43
67.894,34.3,19.85,0,40,,5700,-2015,1609459328,,,4096,,3.43
67.977,34.3,19.85,0,40,,5700,-2015,1609459328,,,4096,,3.43
68.06,34.2,19.83,0,40,,5700,-2017,1609459328,,,4096,,3.42
68.143,34.3,19.91,0,40,,5700,-2009,1609459328,,,4096,,3.43
68.226,34.2,19.74,0,40,,5700,-2026,1609459328,,,4096,,3.42
68.309,34.3,20.06,0,40,,5700,-1994,1609459328,,,4096,,3.43
68.392,34.2,19.72,0,40,,5700,-2028,1609459328,,,4096,,3.42
68.475,34.3,20.02,0,40,,5700,-1998,1609459328,,,4096,,3.43
68.558,34.3,20.05,0,40,,5700,-1995,1609459328,,,4096,,3.43
68.641,34.3,20.06,0,40,,5700,-1994,1609459328,,,4096,,3.43
68.724,34.2,19.97,0,40,,5700,-2003,1609459328,,,4096,,3.42
68.807,34.2,19.94,0,40,,5700,-2006,1609459328,,,4096,,3.42
68.89,34.2,20.86,0,40,,5700,-1914,1609459328,,,4096,,3.42
68.973,34.2,19.82,0,40,,5700,-2018,1609459328,,,4096,,3.42
69.056,34.2,20.02,0,40,,5700,-1998,1609459328,,,4096,,3.42
69.139,34.2,20.23,0,40,,5700,-1977,1609459328,,,4096,,3.42
69.222,34.2,20.07,0,40,,5700,-1993,1609459328,,,4096,,3.42
69.305,34.2,20.08,0,40,,5700,-1992,1609459328,,,4096,,3.42
69.388,34.1,20.1,0,40,,5700,-1990,1609459328,,,4096,,3.41
69.471,34.2,20.05,0,40,,5700,-1995,1609459328,,,4096,,3.42
69.554,34.1,20.24,0,40,,5700,-1976,1609459328,,,4096,,3.41
69.637,34.2,20.93,0,40,,5700,-1907,1609459328,,,4096,,3.42
69.72,34.1,20.92,0,40,,5700,-1908,1609459456,,,4224,,3.41
69.803,34.1,20.06,0,40,,5700,-1994,1609459456,,,4224,,3.41
69.886,34.1,20,0,40,,5700,-2000,1609459456,,,4224,,3.41
69.969,34.1,19.95,0,40,,5700,-2005,1609459456,,,4224,,3.41
70.052,34.1,20.22,0,40,,5700,-1978,1609459456,,,4224,,3.41
70.135,34.1,20.85,0,40,,5700,-1915,1609459456,,,4224,,3.41
70.218,34.1,20.09,0,40,,5700,-1991,1609459456,,,4224,,3.41
70.301,34.1,21.89,0,40,,5700,-1811,1609459456,,,4224,,3.41
70.384,35,21.1,0,40,,5700,-1890,1609459456,,,4224,,3.5
70.467,34.1,20.24,0,40,,5700,-1976,1609459456,,,4224,,3.41
70.55,34.1,20.95,0,40,,5700,-1905,1609459456,,,4224,,3.41
70.633,34.1,20.87,0,40,,5700,-1913,1609459456,,,4224,,3.41
70.716,34.6,20.94,0,40,,5700,-1906,1609459456,,,4224,,3.46
70.799,34,21.81,0,40,,5700,-1819,1609459456,,,4224,,3.4
70.882,34,21.19,0,40,,5700,-1881,1609459456,,,4224,,3.4
70.965,34.9,21.84,0,40,,5700,-1816,1609459456,,,4224,,3.49
71.048,34.8,20.88,0,40,,5700,-1912,1609459456,,,4224,,3.48
71.131,34.1,21.06,0,40,,5700,-1894,1609459456,,,4224,,3.41
71.214,34,20.12,0,40,,5700,-1988,1609459456,,,4224,,3.4
71.297,34,21.83,0,40,,5700,-1817,1609459456,,,4224,,3.4
71.38,34,20.83,0,40,,5700,-1917,1609459456,,,4224,,3.4
71.463,34,20.79,0,40,,5700,-1921,1609459456,,,4224,,3.4
71.546,34.9,21.69,0,40,,5700,-1831,1609459456,,,4224,,3.49
71.629,34,20.18,0,40,,5700,-1982,1609459456,,,4224,,3.4
71.712,34,21.35,0,40,,5700,-1865,1609459456,,,4224,,3.4
71.795,34,20.22,0,40,,5700,-1978,1609459584,,,4352,,3.4
71.878,33.9,19.92,0,40,,5700,-2008,1609459584,,,4352,,3.39
71.961,33.9,20.82,0,40,,5700,-1918,1609459584,,,4352,,3.39
72.044,34.8,22.67,0,40,,5700,-1733,1609459584,,,4352,,3.48
72.127,34,21.59,0,40,,5700,-1841,1609459584,,,4352,,3.4
72.21,34,20.94,0,40,,5700,-1906,1609459584,,,4352,,3.4
72.293,34.3,26.23,0,40,,5700,-1377,1609459584,,,4352,,3.43
72.376,36,40,0,40,,5700,0,1609459200,,,3968,,3.6
72.459,36,40,0,40,,5700,0,1609459200,,,3968,,3.6
72.542,36.3,39.64,5,40,,5700,-36,1609459200,,,3968,,3.63
